RESOURCE_NAME,WEB_ADDRESS,PRIORITY_RESOURCE,STATE
"Advocates for Calm Traffic (Norwalk, CT)",http://calmtraffic.org/NonprofitsandNeighborhoodAssociationsinNorwalk.htm,,CT
Airports Council International - North America,http://www.aci-na.org/,,NATIONAL
"AK Dept of Commerce, Municipal Directory",http://www.commerce.state.ak.us/dca/MuniDirPublic/MODP.htm,,AK
Alabama Association of Conservation Districts,https://alconservationdistricts.gov/aacd/,,AL
Alabama Association of Housing and Redevelopment Authorities,http://www.aahra.org,,AL
Alabama Department of Examiners of Public Accounts,https://examiners.alabama.gov/audit_reports.aspx,,AL
Alabama Dept of Conservation & Natural Resources,http://www.outdooralabama.com/,,AL
Alabama Dept of Mental Health,http://www.mh.alabama.gov/,,AL
Alabama Hospital Association - Directory,https://www.alaha.org/resources/hospital-directory/,,AL
Alabama Natural Gas Association - Membership List,http://alnga.org/,,AL
Alabama One Call - Membership List,www.al1call.com/membership_list.doc,,AL
Alabama Public Service Commission,http://www.psc.state.al.us/,,AL
Alabama Safe Drinking Water Information System (SDWIS),https://ofmpub.epa.gov/apex/sfdw/f?p=108:200::::::,,AL
Alabama Secretary of State,https://sos.alabama.gov/,,AL
The Retirement System of Alabama (RSA),https://www.rsa-al.gov/,,AL
Alabama State Department of Education,http://www.alsde.edu/,,AL
Alabama Department of Economic & Community Affairs,http://www.adem.alabama.gov/,YES,AL
Allen County Clerk,http://www.kscountyclerks.org/,,NATIONAL
American Association of Port Authorities (AAPA) Port Authority Listing,http://www.aapa-ports.org/home.cfm,,NATIONAL
American Hospital Association (AHA) Guide,,,NATIONAL
American Public Transportaion Association,https://www.apta.com/research-technical-resources/public-transportation-links/illinois/#a2,,NATIONAL
American Public Transportation Association (APTA) online,http://publictransportation.org/tools/,,NATIONAL
American Water Works Association,http://sourcebook.awwa.org/,,NATIONAL
AR Local Police and Fire Retirement System,https://lopfi-prb.com/,,AR
AR Public Employees Retirement System,www.apers.org,,AR
Arizona Dept of Forestry and Fire Management,http://dffm.az.gov/fire-marshal/firefighter-relief-and-pension-fund,,AZ
Arizona Dept of Water Resources,http://www.azwater.gov/azdwr/default.aspx,,AZ
Arizona Fire District Association,http://www.afdanews.org/,,AZ
Arizona Office of the State Treasurer,http://www.aztreasury.gov/,,AZ
Arizona Tax Research Foundation,http://www.arizonatax.org/,,AZ
Arkansas Association of Conservation Districts,http://aracd.org/default.htm,,AR
Arkansas Department of Aeronautics,http://www.fly.arkansas.gov/,,AR
Arkansas Department of Environmental Quality,http://www.adeq.state.ar.us/home/pdssql/pds.asp,,AR
Arkansas Department of Finance and Administration,http://www.dfa.arkansas.gov/Pages/default.aspx,,AR
ARKANSAS HOUSING AUTHORITY,https://arnahro.org/membership/,,AR
Arkansas Insurance Department,www.insurance.arkansas.gov,,AR
Arkansas Secretary of State,http://www.sos.arkansas.gov/corps/search_all.php,,AR
Arkansas State Highway & Transportation Dept,http://www.arkansashighways.com/,,AR
Arkansas State Treasury - Local Government,http://www.artreasury.gov/,,AR
Association of Florida Conservation Districts,https://afcd.us/florida-swcd-districts/,,FL
Association of Governmental Risk Pools,https://www.agrip.org/about/membership/member-list,,NATIONAL
Association of Oregon Counties,https://oregoncounties.org/about/public-records/,,OR
Baltimore City - Urban Streams Water Quality Monitoring Project,http://www.saveourstreams.org/SOS-baltimorecity.htm,,MD
Becker Hospital Review,https://www.beckershospitalreview.com/,,NATIONAL
CA State Controller's Office,http://www.sco.ca.gov/ard_local.html,YES,CA
California Association of Local Agency Formation Commissions (CALAFCO),http://www.calafco.org/directory.htm,,CA
California Department of Education School Directory,http://www.cde.ca.gov/re/sd/,,CA
California Department of Transportation (CALTRANS),http://www.dot.ca.gov/,,CA
California Healthcare Foundation,http://www.chcf.org/,,CA
California Planners' Information Network,http://www.calpin.ca.gov/directory/index.php,,CA
California Professional Firefighters,http://www.cpf.org/go/cpf/,,CA
California Special District Association,http://www.csda.net/,,CA
Center for Municipal Finance URL list,http://www.municipalfinance.org/,,NATIONAL
Center for Retirement Research at Boston College,http://crr.bc.edu/,,MA
Central Massachusetts Regional Planning Commission,,,MA
Cochise County Special District Directory,http://www.cochise.az.gov/cochise_elections.aspx?id=2330&ekmensel=c580fa7b_162_234_2330_2,,AZ
Colorado BOCES Association,http://www.coloradoboces.org/,,CO
Colorado Department of Education,http://www.cde.state.co.us/,,CO
Colorado Department of Local Affairs - Division of Local Government,http://www.colorado.gov/cs/Satellite/DOLA-Main/CBON/1251589672852,YES,CO
Colorado State Auditor,http://www.leg.state.co.us/osa/coauditor1.nsf/home?openform,,CO
Commission on Government Forecasting and Accountability Research Unit,http://cgfa.ilga.gov/Home.aspx,,GA
CT Association of Zoning Enforcement Officials,,,CT
CT Commission on Fire Prevention & Control,,,CT
CT Conference of Municipalities (CCM),http://ccm-ct.org/Plugs/ccm-members.aspx; http://research.ccm-ct.org/Plugs/research.aspx,,CT
CT Council of Small Towns (COST),,,CT
CT Department of Economic & Community Development,http://www.ct.gov/ecd/site/default.asp,,CT
CT Dept of Construction Services / Office of Education & Data Management,,,CT
CT Housing Finance Authority,,,CT
CT Office of Policy & Management (OPM),http://www.ct.gov/opm/cwp/view.asp?a=2984&q=383170,YES,CT
CT Office of State Comptroller,http://www.osc.state.ct.us/stateacct/coding/agency.htm,,CT
CT Secretary of State,http://www.sots.ct.gov,,CT
CT State Library,http://www.iconn.org/staff/PublicLibraryDirectory.aspx,,CT
CT Town Clerks Association,,,CT
CTTRANSIT,http://www.cttransit.com/,,CT
"DC Office of Commercial Revitalization, Business Improvement District (BID) listing",http://restore.dc.gov/restoredc/cwp/view.asp?a=1409&q=572848,,DC
Delaware cities & municipalities info,http://portal.delaware.gov/locations/,,DE
Delaware Dept of Community Affairs,http://archives.delaware.gov/collections/aghist/1420.shtml,,DE
Delaware Dept of Education,http://www.doe.k12.de.us/EducationalDirectory/pages/Districts/Default.aspx,,DE
Delaware Dept of Natural Resources & Environmental Quality,http://www.dnrec.delaware.gov/Pages/default.aspx,,DE
Delaware Government Website,,,DE
Delaware League of Local Governments (DLLG) (online directory),https://www.bidenschool.udel.edu/ipa/people/delaware-municipal-officials/municipalities,,DE
Delaware Library Association directory,https://dla.lib.de.us/,,DE
Delaware Municipal Electric Corporation,http://www.demecinc.net/Overview/,,DE
Delaware State Housing Authority,http://www.destatehousing.com/Renters/hsg_serv_directory.pdf,,DE
Delaware State Website,https://delaware.gov/,,DE
Department of Natural Resources Historic Preservation Division,http://www.state.il.us/hpa/iam/dir_city.html,,IL
Department of Revenue - Division of Municipal Finance,http://www.municipalfinance.ri.gov/data/audits/2019.php,,RI
Department of Revenue - Division of Municipal Finance,http://www.municipalfinance.ri.gov/data/fire-districts/,,RI
Department of Revenue - Division of Municipal Finance,http://www.municipalfinance.ri.gov/resources/directory/,,RI
"Department of Revenue, Statistics and Reports",https://www.dor.ms.gov/Statistics/Pages/2018-Annual-Reports.aspx,,MS
Department of State Treasurer - Retirement Systems Division,https://www.myncretirement.com/governance/valuations-cafrs,,NATIONAL
Department of State Treasurer - State and Local Government Division - Local Government Commission - Local Fiscal Management,https://www.nctreasurer.com/state-and-local-government-finance-division/local-government-commission/financial-analysis-tools-and-reports,YES,NATIONAL
Department of State Treasurer - State and Local Government Division - Local Government Commission - Local Fiscal Management,https://www.nctreasurer.com/state-and-local-government-finance-division/local-government-commission/audit-resources,,NATIONAL
Dept of Housing & Urban Development (HUD) housing authority list,http://portal.hud.gov/hudportal/HUD?src=/program_offices/public_indian_housing/systems/pic/haprofiles,,NATIONAL
"Engineered Fire Systeme, Inc Directory",http://www.efs1.com/firedept.htm,,NATIONAL
EPA - Safe Drinking Water Information System (SDWIS),http://www.epa.gov/enviro/facts/sdwis/search.html,,NATIONAL
EPA National List of Beaches,http://water.epa.gov/type/oceb/beaches/list_index.cfm,,NATIONAL
Federal Aviation Administration (FAA) airport authority list,http://www.faa.gov/airports/airport_safety/airportdata_5010/,,NATIONAL
Federal Department of Water Reclamation,https://www.usbr.gov/gp/water_user_roster.pdf,,NATIONAL
Federal Transit Administration (FTA) online,http://www.fta.dot.gov/,,NATIONAL
Fire-EMS Information Network,http://www.firehouse.com/regions,,NATIONAL
FL Department of Management Services -- Local Retirement Section,http://www.dms.myflorida.com/human_resource_support/retirement/local_retirement_plans/local_retirement_section,,FL
Florida Dept of Community Affairs,https://floridajobs.org/community-planning-and-development/special-districts/special-district-accountability-program/official-list-of-special-districts,YES,FL
Florida Public Transportation Association,http://www.floridatransit.org/transit_systems.html,,FL
Florida Division of Retirement - Research and Education,,,FL
GA Dept of Audits and Accounts - State Auditor,https://www.audits.ga.gov/ReportSearch/download/32296?_gl=1*3pqjid*_ga*MjAxODU2NjA0MS4xNzUzMTM1NTg4*_ga_8Z4RV13R5J*czE3NTMxMzU1ODgkbzEkZzEkdDE3NTMxMzU2NjkkajUwJGwwJGgw*_ga_65FL79Y113*czE3NTMxMzU1ODgkbzEkZzEkdDE3NTMxMzU2NjkkajUwJGwwJGgw,,GA
GA Dept of Community Affairs,https://www.dca.ga.gov/local-government-assistance/research-surveys/local-government-authorities,YES,GA
"GEO division (boundary & annexation survey, etc)",,,NATIONAL
Georgia Municipal Association,http://www.gmanet.com/Cities.aspx,,GA
Georgia Secretary of State,http://www.sos.georgia.gov/firststop/county_information.htm,,GA
Government Finance Officers Association of Texas,http://www.gfoat.org/,,TX
Government Finance Officers of Connecticut,http://www.gfoact.org/default.asp,,CT
Hawaii Association of Conservation Districts,http://maunakeaswcd.org/distHACD.html,,HI
Hawaii Legislative Reference Bureau,https://lrb.hawaii.gov/,,HI
Idaho Commission for Libraries,http://libraries.idaho.gov/page/idahos-library-networks-consortia,,ID
Idaho Dept of Water Resources,https://idwr.idaho.gov/,,ID
Idaho IDALS Division of Soil Conservation & Water Quality,https://idals.iowa.gov/FARMS/index.php/searchEmployees,,IA
Idaho Legislature - Legislative Services Office Legislative Audit Division,https://legislature.idaho.gov/lso/audit/localgov-audits/,,ID
Idaho State Department of Education,https://www.idaho.gov/education/k-12/,,ID
"Idaho State Tax Commission, Property Tax System",http://tax.idaho.gov/i-1062.cfm,,ID
IL State Comptroller - Local Government Division,https://illinoiscomptroller.gov/financial-data/find-a-report/,YES,IL
Illinois Association of Fire Protection Districts,http://www.iafpd.org/,,IL
ILLINOIS ASSOCIATION OF HOUSING AUTHORITIES,https://iahaonline.org/directory.php,,IL
Illinois Association of Museums State,,,IL
Illinois Department of Agriculture,https://www2.illinois.gov/sites/agr/Resources/LandWater/SitePages/Directory.aspx,,IL
"Illinois Department of Insurance, Public Pension Division",https://insurance.illinois.gov/Applications/Pension/PensionDataPortal.aspx,,IL
Illinois Hospital Association,http://www.ihatoday.org/hospital-directory.aspx,,IL
Illinois Public Pension Fund Association,https://ippfa.org/about-us/history/,,IL
Illinois Public Transportation Association,https://www.ipta-net.org/eweb/DynamicPage.aspx?Site=IPTA&WebCode=maps,,IL
Illinois Secretary of States Office (Dept of Index),https://www.cyberdriveillinois.com/home.html,,IL
Indiana Association of Soil & Water Conservation Districts (IASWCD),http://wordpress.iaswcd.org/,,IN
Indiana Department of Environmental Management,http://www.in.gov/idem/,,IN
Indiana Housing & Community Development Authority,http://www.in.gov/ihcda/,,IN
Indiana State Board of Accounts,http://www.in.gov/sboa,YES,IN
Iowa Department of Management,https://dom.state.ia.us/,,IA
Iowa Department of Natural Resources,https://www.iowadnr.gov,,IA
Iowa Department of Transportation,https://iowadot.gov/,,IA
Iowa Dept of Management - Local Budget & Finance,http://www.dom.state.ia.us/local/index.html,YES,IA
Iowa Hardin County Drainage Ditches,,,IA
Iowa Rural Water Association,https://www.iowaruralwater.org/resources_iowa_regional_water_systems.html,,IA
Iowa State Auditor,https://www.auditor.iowa.gov,,IA
IPEDS -Integrated Postsecondary Education Data System,https://nces.ed.gov/ipeds/use-the-data,YES,NATIONAL
Irrigation & Electrical Districts Association of AZ,http://www.ieda-az.org/Members.html,,AZ
Kansas department of agriculture,https://agriculture.ks.gov/divisions-programs/division-of-conservation/about-us,,KS
Kansas Dept of Administration,http://www.da.ks.gov/ar/muniserv/budgets.htm,,KS
Kansas Hospital Association,,,KS
Kansas Public Employees Retirement System,,,KS
Kansas Rural Water Association,https://krwa.net/ONLINE-RESOURCES/RWD-Maps,,KS
Kentucky Dept for Natural Resources,http://conservation.ky.gov/Pages/default.aspx,,KY
Kentucky Dept of Revenue,http://revenue.ky.gov/,,KY
Kentucky Finance & Administration Cabinet (social security office),http://finance.ky.gov/,,KY
Kentucky League of Cities,www.klc.org,,KY
"Kentucky Office of the Governor, Department for Local Government",www.dlg.ky.gov,YES,KY
Kentucky Public Service Commission,http://psc.ky.gov/,,KY
Kentucky Retirement Systems,https://kyret.ky.gov,,KY
KY Division of Local Govt Services,http://finance.ky.gov/offices/controller/Pages/dlgservices.aspx,,KY
KY Office of the State Auditor,http://apps.auditor.ky.gov,,KY
LA Community & Technical College System - Member List,http://www.lctcs.edu/index.cfm?md=pagebuilder&tmp=home&nid=1&pnid=0&pid=222&fmid=0&catid=0&elid=0,,LA
LA Governor's Office of Elderly Affairs,http://goea.louisiana.gov/index.cfm?md=directory&tmp=category&catid=39&pnid=0&nid=9,,LA
LA State Legislature Boards & Commissions List,http://www.legis.state.la.us/boards/boardsearch.asp,YES,LA
League of Arizona Cities and Towns,http://www.leagueaz.org/,,AZ
League of Oregon Cities,https://www.orcities.org/resources/reference/city-directory,,OR
Legislative Joint Auditing Committee - Division of Legislative Audit,http://www.arklegaudit.gov/,YES,AK
Links to State Library Associations,http://www2.lib.udel.edu/dla/dellib.htm,,DEL
Local.Arkansas.gov,http://local.arkansas.gov/index.php,,AR
Louisiana Asset Management Pool - membership list,http://www.lamppool.com/participants.asp,,LA
Louisiana Association of Planning and Development Districts,http://www.lapdd.org/,,LA
Louisiana Association of Public Employees' Retirement Systems,http://www.lapers.org/related_sites.html,,LA
Louisiana Legislative Auditor Office,http://www.lla.la.gov/,,LA
"MA Drinking Water Partnership, local department links",http://www.madwep.org/your_drinking_water.htm#Local%20Water%20Department%20Links,,MA
MA Housing and Economic Development - Local Housing Authority Listing,http://www.mass.gov/?pageID=ehedterminal&L=5&L0=Home&L1=Economic+Analysis&L2=Executive+Office+of+Housing+and+Economic+Development&L3=Department+of+Housing+and+Community+Development&L4=Contact+Listings&sid=Ehed&b=terminalcontent&f=dhcd_contacts_lhalist&csi,,MA
Maine Association of Conservation Districts,https://maineconservationdistricts.com/,,ME
Maine Bureau of Remediation & Waste Management,http://www.maine.gov/dep/rwm/solidwaste/,,ME
Maine Municipal Association,http://www.memun.org/,,ME
Maine Public Utilities Commission,http://www.maine.gov/mpuc/water/water_rates.html,,ME
Maine Rural Water Association,http://www.mainerwa.org/,,ME
Maine State Planning Office - local govt cooperation project,http://www.maine.gov/spo/specialprojects/cooperation/index.htm,,ME
Maine Water Utlities Association,http://www.mwua.org/,,ME
Maricopa County Special District Directory,http://www.maricopa.gov/Clk_board/SpecialDistricts.aspx,,AZ
Maryland Municipal League,http://www.mdmunicipal.org/mmlhome/index.cfm,,MD
Massachusetts Association of Regional Transit Authorities,http://www.matransit.com/,,MA
Massachusetts Department of Revenue,https://www.mass.gov/orgs/massachusetts-department-of-revenue,YES,MA
Massachusetts Dept of Transportation,http://www.massdot.state.ma.us/main/main.aspx,,MA
Massachusetts Division of Conservation Services,http://www.mass.gov/?pageID=eoeeaterminal&L=2&L0=Home&L1=Agriculture%2C+Forestry%2C+Fishing+%26+Hunting&sid=Eoeea&b=terminalcontent&f=eea_dcs_dcs_consdistricts&csid=Eoeea,,MA
Massachusetts Division of Local Services,https://dlsgateway.dor.state.ma.us/gateway/Public/WebForms/Login.aspx,,MA
MassHome - Fire Dept Listing,http://www.masshome.com/fire.html#State,,MA
MD Association of Counties,rclark@mdcounties.org,,MD
MD Association of Soil Conservation Districts,http://www.mascd.net/Jan09/districts.htm,,MD
MD Department of Agriculture website (Office of Resource Conservation),,,MD
"MD Dept of Agriculture, state soil conservation committee",http://www.mda.state.md.us/boards_comms/md_soil_conservation_committee.php,,MD
MD Dept of Assessments & Taxation,http://www.dat.state.md.us/sdatweb/taxrate.html,,MD
MD Dept of Legislative Services,,,MD
MDOT Public Transit Providers List,"https://www.michigan.gov/mdot/0,4616,7-151-9625_21607-31837--,00.html",,MI
Michigan Assocation of Conservation Districts (MACD),https://www.macd.org/,,MI
Michigan Center for Educational Performance & Information,"https://www.michigan.gov/cepi/0,4546,7-113-58069---,00.html",,MI
Michigan Department of the Treasury,http://www.michigan.gov/treasury,YES,MI
Michigan Dept of Treasury Local Unit Audit Reports,https://treas-secure.state.mi.us/LAFDocSearch/,,MI
Michigan Employees Retirement System,https://www.mersofmich.com/,,MI
Michigan Office of the Auditor General,http://audgen.michigan.gov/,,MI
Michigan.gov counties list,"http://www.michigan.gov/som/0,1607,7-192-29701_31713_31714-97053--,00.html",,MI
Michigan.gov municipality list,"http://www.michigan.gov/som/0,1607,7-192-29701_31713_31714-97070--,00.html",,MI
Minnesota Association of Soil & Water Districts,https://www.maswcd.org/,,MN
Minnesota Association of Watershed Districts,http://www.mnwatershed.org/,,MN
Minnesota Legislative Commission on Pensions and Retirement,https://www.lcpr.leg.mn/,YES,MN
"Mississippi Department of Archives and History, Government Records, Local Government",https://www.mdah.ms.gov/local-government,,MS
Mississippi Municipal League,www.mmlonline.com,,MS
Mississippi Office of the Secretary of State,https://www.sos.ms.gov/Pages/default.aspx,,MS
Mississippi Office of the State Auditor,https://www.osa.ms.gov/reports/,,MS
Mississippi Public Service Commission service locator,http://www.psc.state.wv.us/utilities/,,WV
Mississippi Soil & Water Conservation Commission - District List,https://www.mswcc.ms.gov/SitePages/Services.aspx,,MS
Missouri Association of Counties,http://www.mocounties.com/,,MO
Missouri Levee & Drainage District Association,http://www.mldda.org/,,MO
Missouri Municipal League,www.mocities.com,,MO
"Missouri Office of Administration, Office of Budget & Planning",oa.mo.gov,,MO
Missouri Office of the Secretary of State,http://www.sos.mo.gov/,,MO
Missouri State Tax Commission,http://www.stc.mo.gov/,,MO
MN Department of Education,http://w20.education.state.mn.us/MdeOrgView/districts/index,,MN
MN Department of Human Services,,,MN
MN State Auditor's Office,http://taxes.state.mn.us/property_tax_administrators/pages/general_reports_data_content_property_tax_statistics.aspx,YES,MN
MN State Auditors office - Pensions Division,http://www.osa.state.mn.us/,,MN
"MO Dept of Economic Development, Office of Business & Community Services",www.ded.mo.gov,,MO
"MO Dept of Natural Resources, Public Drinking Water Branch",http://www.dnr.mo.gov/eservices.htm,,MO
"MO Dept of Natural Resources, Soil & Water Conservation Program",http://dnr.mo.gov/aboutus.htm,,MO
MO Dept of Revenue,,,MO
MO Joint Committee On Public Employee Retirement,http://www.jcper.org/,YES,MO
MO Soil & Water Conservation Districts,,,MO
MO State Auditor,http://www.auditor.mo.gov/,YES,MO
MO State Employees' Retirement System,https://www.mosers.org,,MO
Montana State Financial Services Division,http://sfsd.mt.gov/LGSB,YES,MT
Moody's/Mergent's,,,NATIONAL
Mosquito & Vector Control Association of California,http://www.mvcac.org/,,CA
"MS State Dept of Health, water systems list",https://apps.msdh.ms.gov/DWW/,,MS
MT Public Employee Retirement Administration,http://mpera.mt.gov,,MT
Municipal Research and Services Center of Washington,http://www.mrsc.org/Subjects/Governance/spd/SPD-Ref.aspx,,NATIONAL
National Association of Conservation Districts (NACD) Directory,http://www.nacdnet.org/about/districts/directory/,,NATIONAL
National Association of Housing and Redevelopment Officials (NAHRO),http://www.nahro.org/,,NATIONAL
National Association of Local Housing Finance Agencies (NALHFA),https://www.nalhfa.org/Default.aspx,,NATIONAL
National League of Cities,,,NATIONAL
National Rural Water Association,http://www.nrwa.org/,,NATIONAL
Natural Resources Conservation Service (NCRS),http://www.nrcs.usda.gov/partners/districts.html,,NATIONAL
NCES -National Center for Education Statistics,https://nces.ed.gov/,YES,NATIONAL
NE Auditor of Public Accounts,https://auditors.nebraska.gov/,YES,NE
Nebraska Chapter of the National Association of Housing & Redevelopment Officials (NAHRO),https://nenahro.wildapricot.org/,,NE
Nebraska Douglas County Clerk Office - SID Listing,,,NE
Nebraska Government website,,,NE
Nebraska Groundwater Management Districts Association,https://gmdausa.org/,,NE
Nebraska Individual County Clerks,,,NE
Nebraska Legislature website,,,NE
Nebraska Natural Resource Commission,https://nrc.nebraska.gov,,NE
Nebraska State Fire Marshal,http://www.sfm.nebraska.gov/,,NE
Nevada Association of Conservation Districts,https://www.nvacd.org,,NV
Nevada Department of Conservation & Natural Resources,http://dcnr.nv.gov/#,,NV
Nevada Department of Taxation - Division of Local Government Services,https://tax.nv.gov/LocalGovt/LGS_Home_page/,,NV
New Mexico Acequia Association,https://lasacequias.org/,,NM
New Mexico Acequia Commission,http://www.nmacequiacommission.state.nm.us/,,NM
New Mexico Association of Counties,http://www.nmcounties.org/,,NM
New Mexico Department of Agriculture,http://www.nmda.nmsu.edu/,,NM
New Mexico Municipal League,http://nmml.org/,,NM
New Mexico Office of the State Engineer/Interstate Stream Commission,http://www.ose.state.nm.us/,,NM
New Mexico Public Employees Retirement System,http://www.pera.state.nm.us/,,NM
New Mexico State Auditor,https://www.saonm.org/auditing/audit-report-search/,,NM
NJ Department of the Treasury - Division of Pensions and Benefits,http://www.state.nj.us/treasury/pensions/,,NJ
NJ Division of Local Govt Services,http://www.state.nj.us/dca/lgs/,YES,NJ
NJ State Website,,,NJ
NM Local Government Division,http://nmdfa.state.nm.us/Local_Government.aspx,,NM
"North Carolina County, City and Library Search Tool",https://www.nclive.org/loginpage,,NC
North Carolina League of Municipalities,http://www.nclm.org,,NC
North Carolina Office of State Budget & Management (State Data Center),https://www.osbm.nc.gov/facts-figures/state-data-center,,NC
North Dakota Attorney General - Fire Marshal,https://attorneygeneral.nd.gov/,,ND
North Dakota Public Employees Retirement System,https://ndpers.nd.gov/,,ND
"North Dakota State Auditor, Division of Local Government Office",https://www.nd.gov/auditor/,YES,ND
Office of Native American Programs,http://portal.hud.gov/hudportal/HUD?src=/program_offices/public_indian_housing/ih,,NATIONAL
Office of the Comptroller - Records Access Officer (RAO),,,NATIONAL
Office of the Comptroller of MD,,,MD
Office of the New York State Comptroller Office,http://www.osc.state.ny.us/localgov/,YES,NY
"Ohio Auditor of State, Local Government Services Division",https://ohioauditor.gov/,YES,OH
"Ohio Auditor of State, Northeast Division",www.ohioauditor.gov,,OH
"Ohio Department of Commerce, Division of State Fire Marshal",http://www.com.ohio.gov/fire/,,OH
Ohio Department of Education,http://education.ohio.gov/GD/Templates/Pages/ODE/ODEDetail.aspx?page=3&TopicRelationID=376&ContentID=8244&Content=122713,,OH
Ohio Municipal League,www.omlohio.org,,OH
Oklahoma Comptroller,http://www.ok.gov/OSF/Comptroller/,,OK
Oklahoma Department of Libraries,http://www.odl.state.ok.us/,,OK
Oklahoma EMS Division Certified and Licensed Agency Registry,https://www.ok.gov/health/Protective_Health/Emergency_Systems/EMS_Division/index.html,YES,OK
Oklahoma State Comptroller,,,OK
Oklahoma State Pension Commission,,,OK
Oregon Department of Revenue - Property Tax Division,http://www.oregon.gov/dor/ptd/pages/index.aspx,,OR
Oregon Public Health - Drinking Water Services,https://yourwater.oregon.gov/,,OR
Oregon Secretary of State - Archives Division,https://sos.oregon.gov/blue-book/Pages/default.aspx,,OR
Oregon Secretary of State - Audits Division,https://secure.sos.state.or.us/muni/public.do,YES,OR
PA Dept of Community & Economic Development - Local Government,https://apps.dced.pa.gov/Munstats-public/findmunicipality.aspx,YES,PA
PA Auditor General - Municipal Pension Plan,Resources for Municipal Pension Plans - Pennsylvania Department of the Auditor General,,PA
Ports Association of Louisiana,http://portsoflouisiana.org/member-directory/corporate-members/,,LA
Public Employees' Retirement System of Nevada,https://www.nvpers.org/front,,NV
Public Service Commission,http://psc.wi.gov/,,WI
Pulaski County Assessor's Office,https://www.pulaskicountyassessor.net/default,,AR
Rainey and Phillips Law Firm,http://www.raineyandphillipslaw.com/community-improvement-districts.html,,GA
RI Secretary of State,https://www.sos.ri.gov/divisions/Open-Government/Transparency/audited-financial-statements,,RI
Sarpy County Clerks Office - SID Listing,http://www.sarpy.com/clerk/sids.html,,NE
SD Department of Legislative Audit,http://legislativeaudit.sd.gov/,,SD
SD Secretary of State,http://sdsos.gov/Default.aspx,,SD
Shelby County Elected Officials,http://co.shelby.oh.us/townshipmap.asp,,OH
South Carolina - Department of Natural Resources,http://www.dnr.sc.gov/conservation/index.html,,SC
South Carolina - Municipal Association of South Carolina,http://www.masc.sc/municipalities/Pages/Municipal-Directory.aspx,,SC
South Carolina - Revenue and Fiscal Affairs Office,http://rfa.sc.gov/,,SC
South Carolina - Secretary of State,http://www.sos.sc.gov/Municipalities/Special_Purpose_Districts,YES,SC
South Carolina - State Department of Education,http://ed.sc.gov/schools/,,SC
South Carolina Association of Counties,http://www.sccounties.org/home,,SC
South Carolina Association of Special Purpose Districts,http://www.scspd.com/.,,SC
South Carolina Office of the State Auditor,http://osa.sc.gov,,SC
South Carolina Public Employee Benefit Authority,http://www.retirement.sc.gov,,SC
South Dakota Association of Towns and Townships,www.sdtownships.com,,SD
South Dakota Department of Public Safety,http://dps.sd.gov/,,SD
South Dakota Municipal League (SDML),http://www.sdauditor.gov/Default.aspx,,SD
South Dakota Office of the State Auditor,http://www.sdauditor.gov/EmpDirectory.aspx,YES,SD
South Dakota Retirement System,http://www.sdrs.sd.gov/,,SD
South Dakota State Government Phone Book,http://apps.sd.gov/applications/dp51SWPB/DP51InternetSearch.asp,,SD
Special Districts Association of Oregon,http://www.sdao.com/resources.htm,,OR
State Data Center of Iowa,http://www.iowadatacenter.org/,,IA
State of Colorado,http://www.colorado.gov/cs/Satellite/CO-Portal/CXP/1207647061288,,CO
"State of Connecticut, website on Housing Authorities",http://www.ct.gov/agingservices/lib/agingservices/manual/appendix/housingauthoritiesfinal.pdf,,CT
"State of Connecticut, website with Town/City Info",http://www.ct.gov/ctportal/cwp/view.asp?Q=246468,,CT
State of New Mexico Insterstate Stream Commission,http://www.ose.state.nm.us/isc_index.html,,NM
TAUD,http://www.taud.org/Resources/Links/Utility.htm,,TN
Tennessee Association of Utility Districts,http://www.taud.org/,YES,TN
Texas Alliance of Groundwater Districts,http://www.texasgroundwater.org,,TX
Texas Association of Counties,http://www.county.org/,,TX
Texas Association of Regional Councils,http://www.txregionalcouncil.org/,,TX
Texas Comptroller of Public Accounts,http://www.window.state.tx.us/procurement/prog/coop/coopmemb/,,TX
"Texas Comptroller of Public Accounts, Property Tax Assistance Division",http://www.window.state.tx.us/taxinfo/proptax/contact.html,,TX
Texas Municipal League,http://www.tml.org/,,TX
Texas Pension Review Board,http://www.prb.state.tx.us/,,TX
The Oklahoma Water Resources Board,http://www.owrb.ok.gov/,YES,OK
The Tax and Expenditure Data Center (TED),https://ted.cviog.uga.edu/,,GA
The Utility Connection,http://www.utilityconnection.com/page4s.html,,NATIONAL
"TN Comptroller of the Treasury, Div of Local Govt Audit",http://www.comptroller.tn.gov/RA_MA_Financial/,,TN
TN Department of Environment & Conservation,http://tnacd.org/index.php,,TN
TX Commission on Environmental Quality,http://www.tceq.state.tx.us/,YES,TX
University of Wisconsin Cooperative Extension - College of Natural Resources,https://www.uwsp.edu/cnr-ap/UWEXLakes/Pages/organizations/lakelist/default.aspx,YES,WI
US Department of Housing and Urban Development,https://www.hud.gov/sites/dfiles/PIH/documents/PHA_Contact_Report_WI.pdf,,NATIONAL
USDA Rural Housing Program,http://rdmfhrentals.sc.egov.usda.gov/RDMFHRentals/searchbyma.jsp?mg=XX&pt=XX&sz=9,,NATIONAL
Utah Association of Conservation Districts,http://www.uacd.org/index.html,,UT
Utah Retirement System,https://www.urs.org,,UT
Utah State Auditor,http://www.sao.state.ut.us/,YES,UT
Vermont League of Cities and Towns,,,VT
Vermont State Auditor,,,VT
Vermont State Tresurer's Office,,,VT
Virginia Association Soil and Water Conservation District,,,VA
Virginia Commission on Local Governments,,,VA
Virginia Department of Accounts,http://www.doa.virginia.gov/Index.cfm,,VA
Virginia Retirement System,http://www.varetire.org/Default.asp,,VA
WA State Auditors Office,http://www.sao.wa.gov/EN/Audits/Pages/Search/AuditReportSearch.aspx,YES,WA
Washington State Department of Transportation,http://www.wsdot.wa.gov/Publications/Manuals/PTSummary.htm,,WA
Washington State Dept of Health -- Office of Drinking Water,http://www.doh.wa.gov/ehp/dw/default.htm,,WA
Washington State Dept of Social and Health Services,http://www.dshs.wa.gov/dbhr/rsn.shtml,,WA
West Suburban Special Recreation Association,https://www.wssra.net/about/partners.php,,IL
"Wisconsin Dept of Revenue, Local Government Services",https://www.revenue.wi.gov/DOR%20Publications/taxdist.pdf,YES,WI
Wisconsin Land & Water Conservation Association,https://wisconsinlandwater.org/files/pdf/WILandWaterDirectory.pdf,,WI
Wisconsin Legislative Reference Bureau,https://legis.wisconsin.gov/lrb/blue-book/,,WI
Wisconsin Public Library Consortium,https://wplc.overdrive.com/support/members,,WI
Wisconsin Towns Association website,https://www.wisctowns.com/resources/town-websites/,,WI
WV Department of Education,http://wvde.state.wv.us/ed_directory/downloadhelp.html,,WV
WV Municipal Pensions Oversight Board,http://www.mpob.wv.gov,,WV
WV Public Service Commission,http://www.psc.state.wv.us,,WV
WV State Auditor's Office - Audit Search Tool,,,WV
WV State Auditor's Office - Local Government Services Division,http://www.wvsao.gov/LocalGovernment/Default.aspx,YES,WV
WV State Auditor's Office - State Auditor's Chief Inspector Division,http://www.wvsao.gov/chiefinspector/Default.aspx,,WV
"Wyoming Department of Audit, Public Funds Division",,,WY
Wyoming Retirement System,,,WY
"Wyoming State Auditor's Office, CAFR Division",,,WY
Yavapai County Special Districts Administration,http://www.co.yavapai.az.us/sd.aspx,,AZ
Junta de Supervision y Administraction Financiera para Puerto Rico (Puerto Rico's Financial Oversight & Management Board),oversightboard.pr.gov,,PR
Oficina de Gerencia Y Presupuesto (Puerto Rico Office of Management & Budget),https://ogp.pr.gov,,PR
